StageTemperatureSum0,107.65610038682212
StageTemperatureSum1,318.6786377433218
StageTemperatureSum2,269.4153169070774
StageTemperatureSum3,61.14658342950683
StageTemperatureSum4,291.750931843067
