StageTemperatureSum0,142.74430750694208
StageTemperatureSum1,218.43129676581526
StageTemperatureSum2,302.2107474134642
StageTemperatureSum3,67.51701661878613
StageTemperatureSum4,273.150900047827
