StageTemperatureSum0,93.26209299070496
StageTemperatureSum1,353.86089344754816
StageTemperatureSum2,212.38770716241805
StageTemperatureSum3,77.93681084165536
StageTemperatureSum4,279.79407821815914
