StageTemperatureSum0,117.06737988469396
StageTemperatureSum1,288.5193823143427
StageTemperatureSum2,250.8500522400132
StageTemperatureSum3,124.83454206019324
StageTemperatureSum4,279.2898975916773
