StageTemperatureSum0,114.8099973183802
StageTemperatureSum1,318.5015874399129
StageTemperatureSum2,245.73139422216866
StageTemperatureSum3,122.2452851424383
StageTemperatureSum4,261.24816866986714
